{
    "counter": {
        "ACTIVE": 16824,
        "INACTIVE": 4173,
        "INVALID": 3,
        "MALICIOUS": 0,
        "SANE": 0,
        "VALID": 0,
        "total": 21000
    },
    "percentage": {
        "ACTIVE": 80.11428571428571,
        "INACTIVE": 19.873321268692255,
        "INVALID": 0.01483459427384661,
        "MALICIOUS": 0,
        "SANE": 0,
        "VALID": 0,
        "total": 100.00244157725182
    }
}