{
    "counter": {
        "ACTIVE": 18341,
        "INACTIVE": 2659,
        "INVALID": 0,
        "MALICIOUS": 0,
        "SANE": 0,
        "VALID": 0,
        "total": 21000
    },
    "percentage": {
        "ACTIVE": 87.33809523809524,
        "INACTIVE": 12.661904761904761,
        "INVALID": 0.0,
        "MALICIOUS": 0.0,
        "SANE": 0.0,
        "VALID": 0.0,
        "total": 100.0
    }
}