{
    "counter": {
        "ACTIVE": 19171,
        "INACTIVE": 1829,
        "INVALID": 0,
        "MALICIOUS": 0,
        "SANE": 0,
        "VALID": 0,
        "total": 21000
    },
    "percentage": {
        "ACTIVE": 91.29047619047618,
        "INACTIVE": 8.710353366987333,
        "INVALID": 0,
        "MALICIOUS": 0,
        "SANE": 0,
        "VALID": 0,
        "total": 100.00082955746352
    }
}