{
    "counter": {
        "ACTIVE": 16736,
        "INACTIVE": 4262,
        "INVALID": 2,
        "MALICIOUS": 0,
        "SANE": 0,
        "VALID": 0,
        "total": 21000
    },
    "percentage": {
        "ACTIVE": 79.6990332872994,
        "INACTIVE": 20.295238095238094,
        "INVALID": 0.02012477359629704,
        "MALICIOUS": 0,
        "SANE": 0,
        "VALID": 0,
        "total": 100.01439615613378
    }
}