{
    "counter": {
        "ACTIVE": 18609,
        "INACTIVE": 2391,
        "INVALID": 0,
        "MALICIOUS": 0,
        "SANE": 0,
        "VALID": 0,
        "total": 21000
    },
    "percentage": {
        "ACTIVE": 88.61428571428571,
        "INACTIVE": 11.386798742737403,
        "INVALID": 0,
        "MALICIOUS": 0,
        "SANE": 0,
        "VALID": 0,
        "total": 100.00108445702311
    }
}