{
    "counter": {
        "ACTIVE": 18833,
        "INACTIVE": 2167,
        "INVALID": 0,
        "MALICIOUS": 0,
        "SANE": 0,
        "VALID": 0,
        "total": 21000
    },
    "percentage": {
        "ACTIVE": 89.68095238095238,
        "INACTIVE": 10.320030479093248,
        "INVALID": 0,
        "MALICIOUS": 0,
        "SANE": 0,
        "VALID": 0,
        "total": 100.00098286004562
    }
}