{
    "counter": {
        "ACTIVE": 18761,
        "INACTIVE": 2239,
        "INVALID": 0,
        "MALICIOUS": 0,
        "SANE": 0,
        "VALID": 0,
        "total": 21000
    },
    "percentage": {
        "ACTIVE": 89.33809523809524,
        "INACTIVE": 10.662920278121726,
        "INVALID": 0,
        "MALICIOUS": 0,
        "SANE": 0,
        "VALID": 0,
        "total": 100.00101551621697
    }
}