{
    "counter": {
        "ACTIVE": 17981,
        "INACTIVE": 3017,
        "INVALID": 2,
        "MALICIOUS": 0,
        "SANE": 0,
        "VALID": 0,
        "total": 21000
    },
    "percentage": {
        "ACTIVE": 85.62380952380953,
        "INACTIVE": 14.374196007432465,
        "INVALID": 0.02870676044208411,
        "MALICIOUS": 0,
        "SANE": 0,
        "VALID": 0,
        "total": 100.02671229168408
    }
}